symbol,entry_date,direction,entry_price,overlay_score,belief_mean,price_score,belief_score,exit_date_1d,exit_price_1d,ret_1d_realized,hit_1d_realized,exit_date_5d,exit_price_5d,ret_5d_realized,hit_5d_realized
GLD,2021-09-03,1,171.05999755859375,0.5382918493551528,,0.6728648116939411,0.0,2021-09-07,167.7100067138672,-0.0195837185346567,0,2021-09-16,164.02999877929688,-0.0410966846698852,0
GLD,2021-09-07,1,167.7100067138672,0.5677910631884974,,0.7097388289856217,0.0,2021-09-08,167.2899932861328,-0.0025044029033459,0,2021-09-21,166.0399932861328,-0.0099577446835573,0
GLD,2021-09-08,1,167.2899932861328,0.5235824957214088,,0.654478119651761,0.0,2021-09-09,168.02999877929688,0.0044234892872424,1,2021-09-22,165.4199981689453,-0.0111781648170016,0
GLD,2021-10-15,1,165.3300018310547,0.6256601105057711,,0.7820751381322137,0.0,2021-10-18,164.9199981689453,-0.0024799108302699,0,2021-10-22,167.77000427246094,0.0147583766671678,1
GLD,2021-11-12,1,174.4499969482422,0.5503351057116971,,0.6879188821396214,0.0,2021-11-15,174.17999267578125,-0.0015477459282561,0,2021-11-24,167.1199951171875,-0.0420177813659087,0
GLD,2021-11-15,1,174.17999267578125,0.523642823014574,,0.6545535287682175,0.0,2021-11-16,172.9199981689453,-0.0072338647365848,0,2021-11-26,166.85000610351562,-0.0420828274227205,0
GLD,2022-02-24,1,177.13999938964844,0.557468666697442,,0.6968358333718024,0.0,2022-02-25,176.5500030517578,-0.0033306782201846,0,2022-03-03,180.8000030517578,0.0206616443192968,1
GLD,2022-02-25,1,176.5500030517578,0.6965281764505216,,0.870660220563152,0.0,2022-02-28,178.3800048828125,0.0103653457911195,1,2022-03-04,183.67999267578125,0.0403851005424972,1
GLD,2022-02-28,1,178.3800048828125,0.735239628514696,,0.91904953564337,0.0,2022-03-01,181.6199951171875,0.0181634159977937,1,2022-03-07,186.4100036621093,0.0450162493524547,1
GLD,2022-03-02,1,179.72999572753906,0.6434327889183572,,0.8042909861479465,0.0,2022-03-03,180.8000030517578,0.0059534153989566,1,2022-03-09,185.82000732421875,0.0338842249009554,1
GLD,2022-03-03,1,180.8000030517578,0.5474856243207996,,0.6843570304009995,0.0,2022-03-04,183.67999267578125,0.015929145881701,1,2022-03-10,186.3999938964844,0.0309734001670535,1
GLD,2022-03-04,1,183.67999267578125,0.667693715555512,,0.8346171444443901,0.0,2022-03-07,186.4100036621093,0.0148628652830298,1,2022-03-11,185.08999633789065,0.0076764139717614,1
GLD,2022-03-07,1,186.4100036621093,0.7217287277685506,,0.9021609097106882,0.0,2022-03-08,191.509994506836,0.0273589976102948,1,2022-03-14,182.3000030517578,-0.022048176222352,0
GLD,2022-03-10,1,186.3999938964844,0.7440474045658678,,0.9300592557073348,0.0,2022-03-11,185.08999633789065,-0.0070278841281574,0,2022-03-22,179.36000061035156,-0.037768205561436,0
GLD,2022-03-11,1,185.08999633789065,0.7257597012655944,,0.9071996265819928,0.0,2022-03-14,182.3000030517578,-0.0150737119311384,0,2022-03-23,181.8099975585937,-0.0177211024052816,0
GLD,2022-09-29,1,154.66000366210938,0.5385795162975296,,0.673224395371912,0.0,2022-09-30,154.6699981689453,6.462244018675195e-05,1,2022-10-06,159.6300048828125,0.0321350129511262,1
GLD,2022-09-30,1,154.6699981689453,0.673573527829681,,0.8419669097871013,0.0,2022-10-03,158.42999267578125,0.024309785681441,1,2022-10-14,152.97999572753906,-0.0109265045672287,0
GLD,2022-10-03,1,158.42999267578125,0.65539111437234,,0.819238892965425,0.0,2022-10-04,160.6999969482422,0.0143281220564491,1,2022-10-17,153.4199981689453,-0.0316227655017862,0
GLD,2022-10-04,1,160.6999969482422,0.6545565255323018,,0.8181956569153772,0.0,2022-10-05,159.80999755859375,-0.0055382663755437,0,2022-10-19,151.69000244140625,-0.0560671728558766,0
GLD,2022-11-16,1,165.1199951171875,0.5469220677142423,,0.6836525846428029,0.0,2022-11-17,163.9199981689453,-0.0072674235933118,0,2022-11-23,163.0800018310547,-0.0123546108675996,0
GLD,2022-11-17,1,163.9199981689453,0.5887197002315824,,0.7358996252894779,0.0,2022-11-18,162.7899932861328,-0.0068936365021664,0,2022-11-25,163.22000122070312,-0.0042703572234104,0
GLD,2022-11-21,1,161.8800048828125,0.5357458931544441,,0.6696823664430551,0.0,2022-11-22,162.07000732421875,0.001173723966365,1,2022-11-29,162.72999572753906,0.005250746349692,1
GLD,2022-11-22,1,162.07000732421875,0.5717609747679422,,0.7147012184599277,0.0,2022-11-23,163.0800018310547,0.0062318409402885,1,2022-11-30,164.80999755859375,0.0169062140467093,1
GLD,2022-11-23,1,163.0800018310547,0.5674301850744762,,0.7092877313430952,0.0,2022-11-25,163.22000122070312,0.000858470616118,1,2022-12-01,167.83999633789062,0.0291880945142932,1
GLD,2022-11-25,1,163.22000122070312,0.6092546622915456,,0.7615683278644318,0.0,2022-11-28,161.92999267578125,-0.0079034954985544,0,2022-12-02,167.25999450683594,0.0247518273245814,1
GLD,2022-11-28,1,161.92999267578125,0.6488604143728163,,0.8110755179660203,0.0,2022-11-29,162.72999572753906,0.0049404254180359,1,2022-12-06,164.83999633789062,0.017970751520602,1
GLD,2022-11-29,1,162.72999572753906,0.715309149969928,,0.8941364374624099,0.0,2022-11-30,164.80999755859375,0.0127819202707856,1,2022-12-09,167.05999755859375,0.0266085045458027,1
GLD,2022-11-30,1,164.80999755859375,0.6526410132124306,,0.8158012665155382,0.0,2022-12-01,167.83999633789062,0.0183847996127761,1,2022-12-12,165.67999267578125,0.0052787763489784,1
GLD,2023-01-04,1,172.6699981689453,0.5858888682115088,,0.7323610852643859,0.0,2023-01-05,170.52000427246094,-0.0124514618595221,0,2023-01-11,174.6199951171875,0.0112932007234647,1
GLD,2023-01-06,1,173.7100067138672,0.5220645476947424,,0.652580684618428,0.0,2023-01-09,174.10000610351562,0.0022451175785793,1,2023-01-13,178.75999450683594,0.029071369511182,1
GLD,2023-01-09,1,174.10000610351562,0.6160444547235495,,0.7700555684044368,0.0,2023-01-10,174.74000549316406,0.0036760446135074,1,2023-01-17,177.58999633789062,0.0200458938082973,1
GLD,2023-01-10,1,174.74000549316406,0.5840662903942352,,0.7300828629927939,0.0,2023-01-11,174.6199951171875,-0.0006867939350113,0,2023-01-18,177.0800018310547,0.0133913028747281,1
GLD,2023-01-12,1,176.63999938964844,0.5277643493879227,,0.6597054367349033,0.0,2023-01-13,178.75999450683594,0.0120017839929393,1,2023-01-20,179.2899932861328,0.0150022299911741,1
GLD,2023-01-18,1,177.0800018310547,0.7226641619029502,,0.9033302023786878,0.0,2023-01-19,179.88999938964844,0.015868520044825,1,2023-01-25,181.1100006103516,0.0227580683172895,1
GLD,2023-01-20,1,179.2899932861328,0.5221023327240616,,0.652627915905077,0.0,2023-01-23,179.6300048828125,0.0018964337632444,1,2023-01-27,179.22000122070312,-0.000390384673159,0
GLD,2023-01-23,1,179.6300048828125,0.5729851414369499,,0.7162314267961873,0.0,2023-01-24,180.27999877929688,0.0036185151634796,1,2023-01-30,178.75999450683594,-0.0048433466143038,0
GLD,2023-03-06,1,171.6199951171875,0.7360942798306251,,0.9201178497882814,0.0,2023-03-07,168.6199951171875,-0.0174804806278633,0,2023-03-13,177.86000061035156,0.0363594317136717,1
GLD,2023-03-07,1,168.6199951171875,0.6626656683122099,,0.8283320853902623,0.0,2023-03-08,168.5399932861328,-0.0004744504410588,0,2023-03-14,176.8300018310547,0.0486894019191579,1
GLD,2023-03-08,1,168.5399932861328,0.6742165111968671,,0.8427706389960838,0.0,2023-03-09,170.1999969482422,0.0098493160569382,1,2023-03-15,178.2100067138672,0.0573751857893897,1
GLD,2023-03-09,1,170.1999969482422,0.73224046597723,,0.9153005824715374,0.0,2023-03-10,173.8699951171875,0.021562856843419,1,2023-03-16,178.57000732421875,0.0491775001530809,1
GLD,2023-03-27,1,181.9499969482422,0.6859225588946625,,0.857403198618328,0.0,2023-03-28,183.44000244140625,0.008189093257242,1,2023-04-03,184.5399932861328,0.014234659968845,1
GLD,2023-03-28,1,183.44000244140625,0.6209153796089083,,0.7761442245111353,0.0,2023-03-29,182.52999877929688,-0.0049607700065314,0,2023-04-04,187.97999572753903,0.0247491998784885,1
GLD,2023-03-29,1,182.52999877929688,0.518414365608184,,0.6480179570102299,0.0,2023-03-30,184.17999267578125,0.0090395765491646,1,2023-04-05,187.8300018310547,0.0290363397096508,1
GLD,2023-03-30,1,184.17999267578125,0.5327041226656757,,0.6658801533320946,0.0,2023-03-31,183.22000122070312,-0.0052122461355942,0,2023-04-06,186.4900054931641,0.0125421484919333,1
GLD,2023-04-04,1,187.97999572753903,0.6732896700165097,,0.8416120875206371,0.0,2023-04-05,187.8300018310547,-0.000797924778665,0,2023-04-17,185.52999877929688,-0.0130332854767866,0
GLD,2023-04-05,1,187.8300018310547,0.6574960189682713,,0.821870023710339,0.0,2023-04-06,186.4900054931641,-0.0071340910654724,0,2023-04-18,186.25,-0.0084118714563812,0
GLD,2023-10-27,1,186.1499938964844,0.5903949365993135,,0.7379936707491419,0.0,2023-10-30,185.1000061035156,-0.0056405470179746,0,2023-11-03,184.7899932861328,-0.0073059395914236,0
GLD,2023-10-30,1,185.1000061035156,0.6740963094256889,,0.842620386782111,0.0,2023-10-31,184.08999633789065,-0.0054565625733156,0,2023-11-06,183.3500061035156,-0.0094543486887911,0
GLD,2023-10-31,1,184.08999633789065,0.7322036622058543,,0.9152545777573178,0.0,2023-11-01,183.509994506836,-0.003150642851826,0,2023-11-07,182.58999633789065,-0.0081481885482077,0
GLD,2023-11-06,1,183.3500061035156,0.6037190114197323,,0.7546487642746653,0.0,2023-11-07,182.58999633789065,-0.0041451308444236,0,2023-11-17,183.6699981689453,0.0017452525485548,1
GLD,2023-11-07,1,182.58999633789065,0.5657983960188698,,0.7072479950235873,0.0,2023-11-08,180.7700042724609,-0.0099676439122205,0,2023-12-01,192.009994506836,0.0515909872275435,1
GLD,2023-12-06,1,187.83999633789065,0.6327443161959674,,0.7909303952449591,0.0,2023-12-07,188.1499938964844,0.0016503277504122,1,2023-12-13,187.6300048828125,-0.0011179272741275,0
GLD,2023-12-08,1,185.63999938964844,0.6590968961487452,,0.8238711201859314,0.0,2023-12-11,183.58999633789065,-0.0110428951653621,0,2023-12-15,187.0,0.0073260106379174,1
GLD,2023-12-11,1,183.58999633789065,0.7488639007117976,,0.9360798758897472,0.0,2023-12-12,183.4900054931641,-0.0005446421195114,0,2023-12-18,187.8500061035156,0.0232039318623033,1
GLD,2023-12-12,1,183.4900054931641,0.5782096725939446,,0.7227620907424308,0.0,2023-12-13,187.6300048828125,0.0225625334661764,1,2023-12-19,189.1300048828125,0.0307373656373808,1
GLD,2023-12-19,1,189.1300048828125,0.637238413242905,,0.7965480165536312,0.0,2023-12-21,189.42999267578125,0.0015861459589906,1,2023-12-29,191.1699981689453,0.0107861959153272,1
GLD,2024-01-10,1,187.5,0.5639010955543794,,0.7048763694429743,0.0,2024-01-11,187.8699951171875,0.0019733072916666,1,2024-02-05,187.57000732421875,0.0003733723958333,1
GLD,2024-01-11,1,187.8699951171875,0.6491607777902021,,0.8114509722377525,0.0,2024-01-16,187.9100036621093,0.0002129586733466,1,2024-02-06,188.5500030517578,0.003619566467472,1
GLD,2024-02-08,1,188.3300018310547,0.5880794042098004,,0.7350992552622505,0.0,2024-02-09,187.6000061035156,-0.003876152075833,0,2024-02-23,188.6199951171875,0.0015398145983822,1
GLD,2024-02-09,1,187.6000061035156,0.5374815941327488,,0.6718519926659359,0.0,2024-02-14,184.4199981689453,-0.0169510012319274,0,2024-02-26,188.1999969482422,0.0031982453369192,1
GLD,2024-02-26,1,188.1999969482422,0.5383769173918482,,0.6729711467398103,0.0,2024-02-29,189.3099975585937,0.0058979842101526,1,2024-03-06,198.8099975585937,0.056376199693932,1
GLD,2024-03-01,1,192.88999938964844,0.513938513818621,,0.6424231422732762,0.0,2024-03-04,196.009994506836,0.0161749967704909,1,2024-03-08,201.6300048828125,0.0453108275225237,1
GLD,2024-03-19,1,199.8000030517578,0.7236528754390001,,0.90456609429875,0.0,2024-03-20,202.17999267578125,0.0119118597981547,1,2024-03-26,201.63999938964844,0.0092091907396716,1
GLD,2024-03-20,1,202.17999267578125,0.689777754897657,,0.8622221936220712,0.0,2024-03-21,201.97000122070312,-0.0010386361790747,0,2024-03-27,203.1000061035156,0.0045504672126964,1
GLD,2024-03-21,1,201.97000122070312,0.6724340339086726,,0.8405425423858407,0.0,2024-03-22,200.3500061035156,-0.0080209689924063,0,2024-03-28,205.72000122070312,0.0185671138155917,1
GLD,2024-03-22,1,200.3500061035156,0.6155548659176043,,0.7694435823970054,0.0,2024-03-25,200.9900054931641,0.0031944066391384,1,2024-04-01,207.82000732421875,0.0372847566415525,1
GLD,2024-03-25,1,200.9900054931641,0.6042765105518658,,0.7553456381898322,0.0,2024-03-26,201.63999938964844,0.0032339612852364,1,2024-04-02,210.88999938964844,0.0492561501861397,1
GLD,2024-03-26,1,201.63999938964844,0.5688013822904177,,0.7110017278630221,0.0,2024-03-27,203.1000061035156,0.0072406601779731,1,2024-04-03,212.7400054931641,0.0550486319039608,1
GLD,2024-03-27,1,203.1000061035156,0.5800258598456143,,0.7250323248070178,0.0,2024-03-28,205.72000122070312,0.0129000248077401,1,2024-04-05,215.13999938964844,0.0592811074559806,1
GLD,2024-04-01,1,207.82000732421875,0.5601039004532262,,0.7001298755665327,0.0,2024-04-02,210.88999938964844,0.0147723604909714,1,2024-04-09,217.6699981689453,0.0473967399556465,1
GLD,2024-04-03,1,212.7400054931641,0.5882987224946764,,0.7353734031183454,0.0,2024-04-05,215.13999938964844,0.0112813473465923,1,2024-04-11,219.8000030517578,0.0331860363650342,1
GLD,2024-04-18,1,220.33999633789065,0.745775341703744,,0.93221917712968,0.0,2024-04-19,221.02999877929688,0.0031315351405747,1,2024-04-30,211.8699951171875,-0.0384405979916348,0
GLD,2024-04-19,1,221.02999877929688,0.7290070449476962,,0.9112588061846202,0.0,2024-04-22,215.57000732421875,-0.024702490545322,0,2024-05-01,213.7899932861328,-0.0327557595491522,0
GLD,2024-04-22,1,215.57000732421875,0.7195953449958141,,0.8994941812447677,0.0,2024-04-23,215.0399932861328,-0.002458663172418,0,2024-05-20,224.5599975585937,0.041703344291555,1
GLD,2024-05-21,1,224.22999572753903,0.5474863427945523,,0.6843579284931903,0.0,2024-05-22,220.1100006103516,-0.0183739695655778,0,2024-05-29,216.1600036621093,-0.0359897971689548,0
GLD,2024-05-22,1,220.1100006103516,0.5638182202887624,,0.704772775360953,0.0,2024-05-23,215.72000122070312,-0.0199445703397177,0,2024-05-30,216.57000732421875,-0.0160828371101569,0
GLD,2024-05-28,1,218.19000244140625,0.5154354376596061,,0.6442942970745076,0.0,2024-05-29,216.1600036621093,-0.0093038120747173,0,2024-06-04,215.2700042724609,-0.0133828229353885,0
GLD,2024-05-30,1,216.57000732421875,0.6430923075185266,,0.8038653843981582,0.0,2024-05-31,215.3000030517578,-0.0058641743062771,0,2024-06-06,219.42999267578125,0.0132058237744847,1
GLD,2024-05-31,1,215.3000030517578,0.6231382515989168,,0.7789228144986459,0.0,2024-06-03,217.22000122070312,0.0089177805003734,1,2024-06-13,212.97000122070312,-0.010822117036824,0
GLD,2024-06-03,1,217.22000122070312,0.718720266145071,,0.8984003326813387,0.0,2024-06-04,215.2700042724609,-0.0089770598346556,0,2024-06-14,215.72999572753903,-0.0068594304612409,0
GLD,2024-06-05,1,217.82000732421875,0.5819049527053421,,0.7273811908816776,0.0,2024-06-06,219.42999267578125,0.0073913566129216,1,2024-06-18,215.47000122070312,-0.0107887522931615,0
GLD,2024-06-06,1,219.42999267578125,0.7290518405846682,,0.9113148007308352,0.0,2024-06-13,212.97000122070312,-0.0294398745417773,0,2024-06-20,218.1600036621093,-0.005787672861788,0
GLD,2024-08-22,1,229.3699951171875,0.5835544983205151,,0.7294431229006438,0.0,2024-08-23,232.0200042724609,0.0115534255207159,1,2024-08-29,232.9499969482422,0.0156079779712495,1
GLD,2024-08-23,1,232.0200042724609,0.5209173840116086,,0.6511467300145107,0.0,2024-08-26,232.759994506836,0.003189338077531,1,2024-08-30,231.2899932861328,-0.0031463277859043,0
GLD,2024-08-26,1,232.759994506836,0.6881759855612846,,0.8602199819516057,0.0,2024-08-27,233.38999938964844,0.002706671669018,1,2024-09-03,230.2899932861328,-0.0106117944620875,0
GLD,2024-08-27,1,233.38999938964844,0.6444571871981581,,0.8055714839976976,0.0,2024-08-28,231.75,-0.0070268623074565,0,2024-09-04,230.42999267578125,-0.0126826630173018,0
GLD,2024-09-03,1,230.2899932861328,0.6348959809068059,,0.7936199761335073,0.0,2024-09-04,230.42999267578125,0.0006079265001952,1,2024-09-12,236.3300018310547,0.0262278376004693,1
GLD,2024-09-06,1,230.6300048828125,0.5107812926283931,,0.6384766157854914,0.0,2024-09-09,231.6000061035156,0.0042058760792897,1,2024-09-23,242.67999267578125,0.0522481357058964,1
GLD,2024-09-13,1,238.67999267578125,0.675081078162079,,0.8438513477025986,0.0,2024-09-20,242.2100067138672,0.0147897358237355,1,2024-09-26,246.97999572753903,0.0347746074512092,1
GLD,2024-09-23,1,242.67999267578125,0.5711573415065833,,0.713946676883229,0.0,2024-09-24,246.07000732421875,0.0139690734743285,1,2024-09-30,243.0599975585937,0.0015658681979611,1
GLD,2024-10-08,1,242.3699951171875,0.6821649113115612,,0.8527061391394515,0.0,2024-10-09,241.0500030517578,-0.0054461859637017,0,2024-10-30,257.5,0.0624252390461824,1
GLD,2024-10-09,1,241.0500030517578,0.5457613963250667,,0.6822017454063334,0.0,2024-10-16,247.1499938964844,0.0253059148205727,1,2024-10-31,253.509994506836,0.0516904845357035,1
GLD,2024-10-30,1,257.5,0.5681402018553169,,0.7101752523191461,0.0,2024-10-31,253.509994506836,-0.0154951669637437,0,2024-11-07,249.6499938964844,-0.030485460596177,0
GLD,2024-11-04,1,252.8300018310547,0.5613080403182128,,0.701635050397766,0.0,2024-11-05,253.3999938964844,0.0022544478950349,1,2024-11-12,240.0500030517578,-0.050547793722031,0
GLD,2025-02-05,1,264.1300048828125,0.5377889517983868,,0.6722361897479835,0.0,2025-02-06,263.42999267578125,-0.0026502562908058,0,2025-02-12,267.6700134277344,0.0134025233009497,1
GLD,2025-02-10,1,268.3699951171875,0.673445149655429,,0.8418064370692863,0.0,2025-02-11,267.3900146484375,-0.0036516022155236,0,2025-02-18,270.70001220703125,0.0086821072856014,1
GLD,2025-02-14,1,266.2900085449219,0.5164396602024441,,0.6455495752530551,0.0,2025-02-18,270.70001220703125,0.0165609054812337,1,2025-03-17,276.7300109863281,0.0392053855060246,1
GLD,2025-03-25,1,278.4700012207031,0.6722396430350694,,0.8402995537938367,0.0,2025-03-26,278.239990234375,-0.000825981201996,0,2025-04-01,287.57000732421875,0.0326785867907665,1
GLD,2025-03-26,1,278.239990234375,0.6698464709862586,,0.8373080887328233,0.0,2025-03-27,281.9700012207031,0.0134057328825599,1,2025-04-02,288.1600036621094,0.03565272346142,1
GLD,2025-04-07,1,273.7099914550781,0.6662909825595604,,0.8328637281994505,0.0,2025-04-08,275.20001220703125,0.0054437937907636,1,2025-04-14,296.2300109863281,0.0822769362986372,1
GLD,2025-04-09,1,285.3800048828125,0.553401121228953,,0.6917514015361912,0.0,2025-04-10,292.3500061035156,0.0244235794430141,1,2025-04-16,307.4700012207031,0.0774055503536822,1
GLD,2025-04-10,1,292.3500061035156,0.5700443938410501,,0.7125554923013127,0.0,2025-04-11,297.92999267578125,0.0190866648050961,1,2025-04-17,306.1199951171875,0.0471010389129124,1
GLD,2025-04-14,1,296.2300109863281,0.7009772767254598,,0.8762215959068248,0.0,2025-04-15,297.7799987792969,0.0052323793521389,1,2025-04-22,311.1099853515625,0.0502311508401528,1
GLD,2025-04-25,1,304.7300109863281,0.6884918374845788,,0.8606147968557234,0.0,2025-04-28,309.07000732421875,0.0142421034404955,1,2025-05-06,315.4800109863281,0.0352771293027725,1
GLD,2025-04-28,1,309.07000732421875,0.6414784778591228,,0.8018480973239035,0.0,2025-04-29,306.0599975585937,-0.0097389254676773,0,2025-05-07,310.75,0.0054356379977657,1
GLD,2025-05-05,1,306.8800048828125,0.6922391410460538,,0.8652989263075672,0.0,2025-05-06,315.4800109863281,0.0280240027589926,1,2025-06-02,311.6700134277344,0.0156087345825969,1
GLD,2025-06-11,1,308.3699951171875,0.7288138184452236,,0.9110172730565296,0.0,2025-06-12,312.20001220703125,0.0124202002480437,1,2025-06-18,310.260009765625,0.0061290484754175,1
GLD,2025-06-13,1,316.2900085449219,0.7483977537018482,,0.9354971921273102,0.0,2025-06-16,311.7799987792969,-0.0142590965372984,0,2025-06-23,311.0799865722656,-0.0164722938818862,0
GLD,2025-06-17,1,311.94000244140625,0.6500580522659929,,0.8125725653324911,0.0,2025-06-18,310.260009765625,-0.0053856275650213,0,2025-07-02,309.25,-0.0086234609872183,0
GLD,2025-09-16,1,339.5899963378906,0.5266596996631917,,0.6583246245789895,0.0,2025-09-17,336.9700012207031,-0.0077151716641871,0,2025-09-23,346.4599914550781,0.0202302635274093,1
GLD,2025-09-17,1,336.9700012207031,0.699905942378765,,0.8748824279734563,0.0,2025-09-18,335.6199951171875,-0.0040063094596703,0,2025-09-24,343.32000732421875,0.0188444255586912,1
GLD,2025-09-18,1,335.6199951171875,0.6921930366692763,,0.8652412958365954,0.0,2025-09-19,339.17999267578125,0.0106072272522103,1,2025-09-25,344.75,0.0272033997248125,1
GLD,2025-09-26,1,346.739990234375,0.644233667403229,,0.8052920842540361,0.0,2025-09-29,352.4599914550781,0.016496514338703,1,2025-10-08,372.2999877929688,0.0737151706710172,1
GLD,2025-10-09,1,365.4299926757813,0.7280561929991812,,0.9100702412489764,0.0,2025-10-10,369.1199951171875,0.0100977000119419,1,2025-10-16,396.4500122070313,0.0848863534821339,1
GLD,2025-10-10,1,369.1199951171875,0.7309562222585329,,0.913695277823166,0.0,2025-10-13,378.0899963378906,0.024301043940617,1,2025-10-17,388.989990234375,0.0538307200369332,1
GLD,2025-10-22,1,377.2799987792969,0.7185135495521494,,0.8981419369401867,0.0,2025-10-23,378.7900085449219,0.0040023583823968,1,2025-11-24,380.2000122070313,0.0077396454547875,1
GLD,2025-10-23,1,378.7900085449219,0.6000419204534274,,0.7500524005667842,0.0,2025-10-24,377.5199890136719,-0.0033528327110016,0,2025-11-25,380.0799865722656,0.0034055228444357,1
GLD,2025-11-24,1,380.2000122070313,0.6870760445603771,,0.8588450557004713,0.0,2025-11-25,380.0799865722656,-0.0003156907704156,0,2025-12-02,387.239990234375,0.0185165118393268,1
GLD,2025-11-28,1,387.8800048828125,0.6623912351220069,,0.8279890439025086,0.0,2025-12-01,389.75,0.0048210660349776,1,2025-12-05,386.4400024414063,-0.0037124946459698,0
GLD,2025-12-02,1,387.239990234375,0.680213243509831,,0.8502665543872887,0.0,2025-12-03,386.8800048828125,-0.0009296182229129,0,2025-12-09,387.3999938964844,0.0004131899239345,1
GLD,2025-12-04,1,387.1300048828125,0.6542602956085535,,0.8178253695106917,0.0,2025-12-05,386.4400024414063,-0.0017823532991586,0,2025-12-16,395.8900146484375,0.0226280826986705,1
GLD,2025-12-05,1,386.4400024414063,0.6379467331965241,,0.797433416495655,0.0,2025-12-08,385.4200134277344,-0.0026394498686159,0,2025-12-17,399.2900085449219,0.0332522669038745,1
GLD,2025-12-08,1,385.4200134277344,0.5520214507679494,,0.6900268134599368,0.0,2025-12-09,387.3999938964844,0.0051372020127886,1,2025-12-18,398.5700073242188,0.0341186068142515,1
GLD,2025-12-16,1,395.8900146484375,0.514594346402944,,0.64324293300368,0.0,2025-12-17,399.2900085449219,0.0085882284742737,1,2025-12-23,413.6400146484375,0.0448356850216657,1
GLD,2025-12-23,1,413.6400146484375,0.6416756827279066,,0.8020946034098833,0.0,2025-12-24,411.9299926757813,-0.0041340825647866,0,2025-12-31,396.30999755859375,-0.0418963748093204,0
GLD,2025-12-24,1,411.9299926757813,0.504930601537743,,0.6311632519221788,0.0,2025-12-26,416.739990234375,0.011676735474757,1,2026-01-02,398.2799987792969,-0.0331366837549699,0
GLD,2026-02-03,1,454.2900085449219,0.7451775162183316,,0.9314718952729144,0.0,2026-02-04,453.9700012207031,-0.0007044119795716,0,2026-02-10,462.3999938964844,0.017852000261988,1
GLD,2026-02-04,1,453.9700012207031,0.6011226849135304,,0.7514033561419129,0.0,2026-02-05,441.8800048828125,-0.0266317076136775,0,2026-02-11,467.6300048828125,0.0300901020450212,1
GLD,2026-02-06,1,455.4599914550781,0.5521557244310245,,0.6901946555387806,0.0,2026-02-09,467.0299987792969,0.0254029059440666,1,2026-02-26,477.4800109863281,0.0483467701760184,1
GLD,2026-02-09,1,467.0299987792969,0.597400708233207,,0.7467508852915087,0.0,2026-02-10,462.3999938964844,-0.0099137205209819,0,2026-02-27,483.75,0.0358007007352957,1
GLD,2026-03-03,1,468.1400146484375,0.6257917627766719,,0.7822397034708398,0.0,2026-03-06,473.510009765625,0.0114709167111472,1,2026-03-23,404.0400085449219,-0.13692486029346,0
USO,2021-09-15,1,50.68999862670898,0.7412822721246198,,0.9266028401557748,0.0,2021-09-16,50.70000076293945,0.0001973197179217,1,2021-09-29,52.31999969482422,0.0321562657777698,1
USO,2021-09-17,1,50.31999969482422,0.6898623535006969,,0.862327941875871,0.0,2021-09-20,49.59999847412109,-0.0143084504187147,0,2021-10-05,55.630001068115234,0.1055246702204807,1
USO,2021-10-05,1,55.630001068115234,0.5915000465194293,,0.7393750581492866,0.0,2021-10-06,54.15999984741211,-0.0264246124838862,0,2021-10-12,56.11000061035156,0.0086284294988346,1
USO,2021-10-06,1,54.15999984741211,0.5907390247404459,,0.7384237809255574,0.0,2021-10-07,55.36000061035156,0.022156587265884,1,2021-10-18,56.959999084472656,0.0516986566644966,1
USO,2021-10-07,1,55.36000061035156,0.6735092857069223,,0.8418866071336527,0.0,2021-10-08,55.470001220703125,0.0019870052228827,1,2021-10-19,57.41999816894531,0.0372109381481574,1
USO,2021-12-28,1,54.66999816894531,0.7015509974002792,,0.8769387467503489,0.0,2021-12-29,55.08000183105469,0.0074996099477148,1,2022-01-18,60.970001220703125,0.1152369354813049,1
USO,2021-12-30,1,55.09999847412109,0.6785786516127642,,0.8482233145159552,0.0,2021-12-31,54.36000061035156,-0.0134300886435973,0,2022-01-25,60.970001220703125,0.1065336281150536,1
USO,2022-03-10,1,74.05999755859375,0.574960074980369,,0.7187000937254613,0.0,2022-03-11,76.4000015258789,0.0315960578507152,1,2022-03-28,74.52999877929688,0.0063462224709267,1
USO,2022-03-11,1,76.4000015258789,0.5781241567404898,,0.7226551959256122,0.0,2022-03-17,73.68000030517578,-0.0356021095075735,0,2022-03-29,76.1500015258789,-0.0032722512435463,0
USO,2022-06-07,1,90.04000091552734,0.6669090750095534,,0.8336363437619417,0.0,2022-06-08,91.98999786376952,0.0216570072014059,1,2022-06-14,88.44999694824219,-0.0176588621847843,0
USO,2022-06-09,1,91.08000183105467,0.5601186442679158,,0.7001483053348947,0.0,2022-06-10,90.12999725341795,-0.0104304409149979,0,2022-06-16,87.66000366210938,-0.0375493862559323,0
USO,2022-06-16,1,87.66000366210938,0.6787355626808096,,0.8484194533510119,0.0,2022-06-17,83.33999633789062,-0.0492813956621593,0,2022-06-30,80.3499984741211,-0.0833904275907302,0
USO,2023-02-28,1,67.20999908447266,0.5203504934058178,,0.6504381167572723,0.0,2023-03-01,68.06999969482422,0.0127957241789376,1,2023-03-07,67.8499984741211,0.0095223835495676,1
USO,2023-03-02,1,68.30000305175781,0.698217655658616,,0.87277206957327,0.0,2023-03-03,69.86000061035156,0.0228403731901971,1,2023-03-09,66.23999786376953,-0.0301611287839505,0
USO,2023-03-08,1,67.0999984741211,0.5092539154287187,,0.6365673942858984,0.0,2023-03-09,66.23999786376953,-0.0128167008928211,0,2023-03-28,64.55000305175781,-0.0380029132690182,0
USO,2023-04-03,1,70.2699966430664,0.6514532940241986,,0.8143166175302482,0.0,2023-04-04,70.2699966430664,0.0,0,2023-04-11,71.06999969482422,0.0113847031446635,1
USO,2023-04-20,1,67.5999984741211,0.6687649173168663,,0.8359561466460828,0.0,2023-04-21,68.20999908447266,0.0090236778716065,1,2023-05-03,60.310001373291016,-0.107840196233449,0
USO,2023-04-21,1,68.20999908447266,0.6619642332882956,,0.8274552916103693,0.0,2023-04-24,69.25,0.015247044853928,1,2023-05-04,60.70000076293945,-0.1101011350584049,0
USO,2023-04-24,1,69.25,0.6484004830657959,,0.8105006038322449,0.0,2023-04-25,67.62000274658203,-0.0235378664753497,0,2023-05-05,63.02999877929688,-0.0898195122123193,0
USO,2023-05-25,1,64.08999633789062,0.5357541353309777,,0.6696926691637222,0.0,2023-05-26,64.80000305175781,0.0110782767114534,1,2023-06-02,64.1500015258789,0.0009362644939457,1
USO,2023-05-26,1,64.80000305175781,0.6809306552321006,,0.8511633190401258,0.0,2023-05-30,62.29999923706055,-0.0385803039654247,0,2023-06-05,64.02999877929688,-0.0118827814228019,0
USO,2023-06-07,1,64.70999908447266,0.655081394969945,,0.8188517437124312,0.0,2023-06-08,63.459999084472656,-0.0193169528308638,0,2023-06-14,61.83000183105469,-0.0445062168778338,0
USO,2023-06-08,1,63.459999084472656,0.6569515077657415,,0.8211893847071768,0.0,2023-06-09,62.93000030517578,-0.0083516985020971,0,2023-06-16,64.3499984741211,0.0140245729985552,1
USO,2023-06-09,1,62.93000030517578,0.7364345493083199,,0.9205431866353998,0.0,2023-06-12,60.2400016784668,-0.0427458861221035,0,2023-06-22,62.52000045776367,-0.0065151731356083,0
USO,2023-06-12,1,60.2400016784668,0.7454691181407074,,0.931836397675884,0.0,2023-06-13,62.13999938964844,0.0315404657742698,1,2023-06-23,62.41999816894531,0.0361885197499549,1
USO,2023-06-13,1,62.13999938964844,0.5837719792012249,,0.7297149740015312,0.0,2023-06-14,61.83000183105469,-0.0049886958744545,0,2023-06-26,62.72999954223633,0.0094946919598163,1
USO,2023-06-14,1,61.83000183105469,0.5218928133677961,,0.6523660167097451,0.0,2023-06-16,64.3499984741211,0.040756858619414,1,2023-06-27,61.29999923706055,-0.0085719323677577,0
USO,2023-07-12,1,67.87000274658203,0.5920654062139338,,0.7400817577674172,0.0,2023-07-13,69.08999633789062,0.0179754463229343,1,2023-07-26,70.66000366210938,0.0411080124152175,1
USO,2023-07-21,1,68.98999786376953,0.6667606690031391,,0.8334508362539239,0.0,2023-07-24,70.69000244140625,0.0246413194705936,1,2023-07-28,72.08999633789062,0.0449340276867739,1
USO,2023-07-31,1,73.16999816894531,0.7404640683681523,,0.9255800854601904,0.0,2023-08-01,72.95999908447266,-0.002870016259776,0,2023-08-07,73.81999969482422,0.0088834432437471,1
USO,2023-08-01,1,72.95999908447266,0.7116875093174997,,0.8896093866468746,0.0,2023-08-02,71.4800033569336,-0.0202850294148925,0,2023-08-17,71.9800033569336,-0.0134319591534592,0
USO,2023-08-03,1,73.13999938964844,0.524598307499358,,0.6557478843741975,0.0,2023-08-04,73.79000091552734,0.0088870868376148,1,2023-08-21,72.58000183105469,-0.007656515767937,0
USO,2023-09-20,1,80.13999938964844,0.681053198466511,,0.8513164980831387,0.0,2023-09-21,80.41000366210938,0.0033691574060058,1,2023-09-27,82.9000015258789,0.0344397573902025,1
USO,2023-09-22,1,80.62999725341797,0.7227453392140362,,0.9034316740175452,0.0,2023-09-25,80.38999938964844,-0.0029765332003574,0,2023-10-02,79.38999938964844,-0.0153788652611787,0
USO,2023-09-25,1,80.38999938964844,0.5423629146284238,,0.6779536432855298,0.0,2023-09-26,80.87999725341797,0.0060952589562107,1,2023-10-03,79.93000030517578,-0.0057220933942672,0
USO,2023-09-26,1,80.87999725341797,0.5567282499975684,,0.6959103124969604,0.0,2023-09-27,82.9000015258789,0.0249753256807334,1,2023-10-04,75.58999633789062,-0.0654055526108934,0
USO,2023-09-27,1,82.9000015258789,0.5351712351757331,,0.6689640439696662,0.0,2023-09-28,81.56999969482422,-0.0160434476064454,0,2023-10-27,78.36000061035156,-0.0547647868753065,0
USO,2023-11-06,1,74.91000366210938,0.5486472981952571,,0.6858091227440715,0.0,2023-11-10,71.79000091552734,-0.0416500146049275,0,2023-11-16,68.05000305175781,-0.091576562207825,0
USO,2023-12-15,1,67.1500015258789,0.6450519420136616,,0.8063149275170769,0.0,2023-12-26,70.20999908447266,0.045569582860165,1,2024-01-18,69.05999755859375,0.0284437228490419,1
USO,2024-03-05,1,73.44999694824219,0.7130815629097497,,0.891351953637187,0.0,2024-03-06,74.33999633789062,0.0121170786470636,1,2024-03-20,77.25,0.0517359184430674,1
USO,2024-03-06,1,74.33999633789062,0.598215524534314,,0.7477694056678925,0.0,2024-03-07,74.2300033569336,-0.001479593575134,0,2024-03-22,76.68000030517578,0.0314770524960662,1
USO,2024-03-19,1,78.43000030517578,0.5386559790877151,,0.6733199738596438,0.0,2024-03-20,77.25,-0.0150452671246248,0,2024-04-02,80.79000091552734,0.0300905342492497,1
USO,2024-03-22,1,76.68000030517578,0.5400737299637205,,0.6750921624546505,0.0,2024-03-25,77.76000213623047,0.0140845308653681,1,2024-04-04,82.2699966430664,0.0729003171054148,1
USO,2024-04-09,1,81.1500015258789,0.6548054064111102,,0.8185067580138877,0.0,2024-04-10,82.08999633789062,0.0115834232204167,1,2024-05-15,75.87999725341797,-0.064941517848035,0
USO,2024-05-28,1,77.66000366210938,0.6711622455934132,,0.8389528069917664,0.0,2024-05-29,76.56999969482422,-0.0140355899547423,0,2024-06-05,71.88999938964844,-0.0742982745347995,0
USO,2024-05-29,1,76.56999969482422,0.6977408035613044,,0.8721760044516305,0.0,2024-05-30,75.52999877929688,-0.01358235496503,0,2024-06-06,73.26000213623047,-0.0432283867283009,0
USO,2024-05-31,1,74.81999969482422,0.6715231147789735,,0.8394038934737169,0.0,2024-06-04,71.08999633789062,-0.0498530255566363,0,2024-06-26,78.75,0.0525260668431631,1
USO,2024-07-03,1,81.2699966430664,0.5005734434323043,,0.6257168042903802,0.0,2024-07-05,81.30999755859375,0.0004921978242847,1,2024-08-14,76.58999633789062,-0.0575858311614075,0
USO,2024-08-13,1,77.63999938964844,0.6266287079123097,,0.7832858848903871,0.0,2024-08-14,76.58999633789062,-0.0135239961361695,0,2024-08-20,73.83000183105469,-0.0490726119081053,0
USO,2024-08-14,1,76.58999633789062,0.6888714069994455,,0.8610892587493069,0.0,2024-08-15,77.41000366210938,0.0107064546732857,1,2024-08-21,72.5999984741211,-0.0520955484338572,0
USO,2024-08-21,1,72.5999984741211,0.6160942876409007,,0.7701178595511258,0.0,2024-08-22,73.58000183105469,0.0134986691119962,1,2024-08-29,76.7699966430664,0.0574379925149963,1
USO,2024-08-22,1,73.58000183105469,0.537626539632507,,0.6720331745406336,0.0,2024-08-23,75.55000305175781,0.0267735957009949,1,2024-08-30,74.33999633789062,0.0103288188084167,1
USO,2024-12-10,1,71.4000015258789,0.7146602884590441,,0.893325360573805,0.0,2024-12-11,73.33000183105469,0.0270308160214289,1,2024-12-18,72.94000244140625,0.0215686398125519,1
USO,2024-12-13,1,74.20999908447266,0.5985907540605222,,0.7482384425756528,0.0,2024-12-16,73.69999694824219,-0.0068724180369539,0,2024-12-23,73.05999755859375,-0.0154965845582327,0
USO,2024-12-16,1,73.69999694824219,0.6631304456541196,,0.8289130570676494,0.0,2024-12-18,72.94000244140625,-0.0103120018766033,0,2024-12-24,73.6500015258789,-0.0006783639678898,0
USO,2025-01-06,1,77.30000305175781,0.54993169268571,,0.6874146158571375,0.0,2025-01-07,78.16999816894531,0.0112547876176017,1,2025-01-14,81.66999816894531,0.0565329229581204,1
USO,2025-01-08,1,77.30000305175781,0.6888461588892205,,0.8610576986115256,0.0,2025-01-10,80.63999938964844,0.043208230349671,1,2025-01-16,82.94000244140625,0.0729624730528414,1
USO,2025-01-21,1,81.11000061035156,0.6550669123142303,,0.8188336403927878,0.0,2025-01-22,80.43000030517578,-0.0083836801881246,0,2025-02-04,77.51000213623047,-0.044384150499706,0
USO,2025-01-22,1,80.43000030517578,0.5989161168367265,,0.7486451460459081,0.0,2025-01-23,79.20999908447266,-0.0151684845962211,0,2025-02-21,75.3499984741211,-0.0631605347728412,0
USO,2025-02-25,1,74.12999725341797,0.5107842371341189,,0.6384802964176486,0.0,2025-02-26,73.8499984741211,-0.0037771319259554,0,2025-03-04,73.30999755859375,-0.0110616447484949,0
USO,2025-02-27,1,75.27999877929688,0.5209926018363747,,0.6512407522954684,0.0,2025-02-28,75.22000122070312,-0.0007969920239989,0,2025-03-07,72.08999633789062,-0.0423751659555492,0
USO,2025-02-28,1,75.22000122070312,0.5445162656680699,,0.6806453320850873,0.0,2025-03-03,73.31999969482422,-0.0252592594395752,0,2025-03-10,70.88999938964844,-0.0575645009410465,0
USO,2025-03-07,1,72.08999633789062,0.6448256737870275,,0.8060320922337842,0.0,2025-03-10,70.88999938964844,-0.0166458178554722,0,2025-03-19,72.41999816894531,0.0045776369512899,1
USO,2025-05-07,1,63.5099983215332,0.6488295944765142,,0.8110369930956427,0.0,2025-05-09,66.61000061035156,0.0488112481616504,1,2025-06-09,72.05000305175781,0.1344670911025532,1
USO,2025-06-18,1,82.2699966430664,0.6516287464919102,,0.8145359331148876,0.0,2025-06-20,83.12000274658203,0.0103319088148675,1,2025-06-26,73.58999633789062,-0.1055062678905228,0
USO,2025-06-23,1,76.41000366210938,0.6933370172215674,,0.8666712715269591,0.0,2025-06-24,73.0,-0.0446277123240127,0,2025-06-30,73.11000061035156,-0.0431881022588438,0
USO,2025-11-07,1,71.26000213623047,0.5764081207976449,,0.7205101509970561,0.0,2025-11-10,71.68000030517578,0.0058938837546255,1,2025-11-21,69.30000305175781,-0.027504897919111,0
USO,2026-01-13,1,73.4800033569336,0.6023266727398771,,0.7529083409248463,0.0,2026-01-14,72.61000061035156,-0.0118399932884589,0,2026-01-21,73.33999633789062,-0.0019053757845229,0
USO,2026-01-14,1,72.61000061035156,0.6425971041759498,,0.8032463802199372,0.0,2026-01-15,71.12999725341797,-0.0203829134346901,0,2026-01-22,71.81999969482422,-0.0108800565884407,0
USO,2026-01-16,1,71.6500015258789,0.5375796136608137,,0.6719745170760172,0.0,2026-01-20,71.86000061035156,0.0029309013258961,1,2026-01-27,75.66000366210938,0.0559665324610232,1
USO,2026-01-20,1,71.86000061035156,0.7448391384764886,,0.9310489230956108,0.0,2026-01-21,73.33999633789062,0.0205955429302607,1,2026-01-28,76.62000274658203,0.0662399401029893,1
USO,2026-01-21,1,73.33999633789062,0.7357316822122912,,0.919664602765364,0.0,2026-01-22,71.81999969482422,-0.0207253438637153,0,2026-01-29,79.13999938964844,0.0790837652218599,1
USO,2026-02-02,1,75.33000183105469,0.7084142691559056,,0.8855178364448819,0.0,2026-02-03,77.47000122070312,0.0284083278591694,1,2026-02-09,78.0199966430664,0.0357094749319755,1
USO,2026-02-03,1,77.47000122070312,0.672618720288882,,0.8407734003611025,0.0,2026-02-04,77.87999725341797,0.0052923199464888,1,2026-02-10,78.02999877929688,0.007228572993027,1
USO,2026-02-09,1,78.0199966430664,0.5278682789866188,,0.6598353487332735,0.0,2026-02-10,78.02999877929688,0.0001281996495876,1,2026-02-25,79.7300033569336,0.021917544058484,1
USO,2026-02-20,1,80.8499984741211,0.5107400601967024,,0.6384250752458779,0.0,2026-02-25,79.7300033569336,-0.0138527537207807,0,2026-03-04,91.55999755859376,0.1324675236438104,1
USO,2026-03-19,1,117.36000061035156,0.747165294290724,,0.9339566178634048,0.0,2026-03-20,121.43000030517578,0.0346796154878788,1,2026-03-26,117.26000213623048,-0.0008520660668116,0
USO,2026-03-20,1,121.43000030517578,0.7254720804608177,,0.906840100576022,0.0,2026-03-23,110.55999755859376,-0.0895166163160974,0,2026-03-27,124.1999969482422,0.0228114686329977,1
USO,2026-03-23,1,110.55999755859376,0.6949068152844512,,0.868633519105564,0.0,2026-03-24,114.54000091552734,0.0359985839799271,1,2026-03-30,129.8300018310547,0.1742945432162148,1
USO,2026-03-24,1,114.54000091552734,0.671128140213984,,0.83891017526748,0.0,2026-03-25,113.38999938964844,-0.0100401738841177,0,2026-03-31,127.25,0.1109655926565446,1
USO,2026-03-25,1,113.38999938964844,0.6970050939717314,,0.8712563674646642,0.0,2026-03-26,117.26000213623048,0.0341300182327661,1,2026-04-06,138.94000244140625,0.2253285403411891,1
USO,2026-03-26,1,117.26000213623048,0.6692091851394965,,0.8365114814243705,0.0,2026-03-27,124.1999969482422,0.0591846723996215,1,2026-04-07,138.0800018310547,0.1775541473266896,1
USO,2026-03-27,1,124.1999969482422,0.593560534246037,,0.7419506678075463,0.0,2026-03-30,129.8300018310547,0.0453301531493489,1,,,,0
USO,2026-03-30,1,129.8300018310547,0.509586328495378,,0.6369829106192225,0.0,2026-03-31,127.25,-0.0198721543146244,0,,,,0
^GDAXI,2021-08-19,1,15765.8095703125,0.5241860649669536,,0.655232581208692,0.0,2021-08-20,15808.0400390625,0.0026786108611587,1,2021-09-10,15609.8095703125,-0.0098948296504705,0
^GDAXI,2021-10-19,1,15515.830078125,0.5535933543075161,,0.6919916928843951,0.0,2021-10-20,15522.919921875,0.0004569426008342,1,2021-10-29,15688.76953125,0.0111460007137367,1
^GDAXI,2021-10-26,1,15757.0595703125,0.5199263914975534,,0.6499079893719417,0.0,2021-10-27,15705.8095703125,-0.0032525103920124,0,2021-11-02,15954.4501953125,0.0125271231043575,1
^GDAXI,2021-11-01,1,15806.2900390625,0.520594950833829,,0.6507436885422863,0.0,2021-11-02,15954.4501953125,0.0093734934563295,1,2021-11-08,16046.51953125,0.0151983477206741,1
^GDAXI,2021-12-23,1,15756.3095703125,0.5249585744866897,,0.6561982181083621,0.0,2021-12-27,15835.25,0.0050100836960094,1,2022-01-03,16020.73046875,0.0167819055126787,1
^GDAXI,2021-12-29,1,15852.25,0.7141116385767238,,0.8926395482209046,0.0,2021-12-30,15884.8603515625,0.0020571434062987,1,2022-01-19,15809.7197265625,-0.0026829171529278,0
^GDAXI,2022-02-22,1,14693.0,0.6395624329888512,,0.7994530412360639,0.0,2022-02-23,14631.3603515625,-0.0041951710636017,0,2022-03-02,14000.1103515625,-0.0471578063320969,0
^GDAXI,2022-03-21,1,14326.9697265625,0.5130035838957199,,0.6412544798696498,0.0,2022-03-22,14473.2001953125,0.0102066572025266,1,2022-03-28,14417.3701171875,0.0063098053775737,1
^GDAXI,2022-03-22,1,14473.2001953125,0.562561146188874,,0.7032014327360925,0.0,2022-03-23,14283.650390625,-0.0130966062881442,0,2022-03-29,14820.330078125,0.0239843212370493,1
^GDAXI,2022-03-24,1,14273.7900390625,0.7010634900994649,,0.876329362624331,0.0,2022-03-25,14305.759765625,0.0022397503728869,1,2022-03-31,14414.75,0.009875440268614,1
^GDAXI,2022-03-29,1,14820.330078125,0.6343777279053727,,0.7929721598817159,0.0,2022-03-30,14606.0498046875,-0.0144585358293591,0,2022-04-05,14424.3603515625,-0.026718009954917,0
^GDAXI,2022-03-31,1,14414.75,0.5050275078414851,,0.6312843848018563,0.0,2022-04-01,14446.48046875,0.0022012500216791,1,2022-04-08,14283.669921875,-0.0090934687126034,0
^GDAXI,2022-04-01,1,14446.48046875,0.6740350896060274,,0.8425438620075343,0.0,2022-04-04,14518.16015625,0.0049617405190872,1,2022-04-21,14502.41015625,0.0038715095777815,1
^GDAXI,2022-04-04,1,14518.16015625,0.6886646815457985,,0.8608308519322481,0.0,2022-04-05,14424.3603515625,-0.0064608603072283,0,2022-04-27,13793.9404296875,-0.0498837124517273,0
^GDAXI,2022-04-05,1,14424.3603515625,0.6169085336978642,,0.7711356671223303,0.0,2022-04-07,14078.150390625,-0.0240017548438463,0,2022-04-28,13979.83984375,-0.0308173462793688,0
^GDAXI,2022-05-13,1,14027.9296875,0.530980788376709,,0.6637259854708862,0.0,2022-05-16,13964.3798828125,-0.0045302340475892,0,2022-05-23,14175.400390625,0.010512649151386,1
^GDAXI,2022-05-20,1,13981.91015625,0.7364425206229489,,0.920553150778686,0.0,2022-05-23,14175.400390625,0.0138386123364201,1,2022-05-27,14462.1904296875,0.034350118694105,1
^GDAXI,2022-05-26,1,14231.2900390625,0.7454203306025089,,0.931775413253136,0.0,2022-05-27,14462.1904296875,0.0162248390687855,1,2022-06-02,14485.169921875,0.0178395551011638,1
^GDAXI,2022-05-27,1,14462.1904296875,0.6485451874434638,,0.8106814843043297,0.0,2022-05-30,14575.98046875,0.0078681054308976,1,2022-06-03,14460.08984375,-0.0001452467347676,0
^GDAXI,2022-05-31,1,14388.349609375,0.5620485472004936,,0.7025606840006169,0.0,2022-06-01,14340.4697265625,-0.0033276841411542,0,2022-06-07,14556.6201171875,0.011694913758758,1
^GDAXI,2022-06-01,1,14340.4697265625,0.5723988763054385,,0.715498595381798,0.0,2022-06-02,14485.169921875,0.0100903386061668,1,2022-06-08,14445.990234375,0.0073582323190604,1
^GDAXI,2022-06-02,1,14485.169921875,0.6574081852847331,,0.8217602316059163,0.0,2022-06-03,14460.08984375,-0.0017314314060703,0,2022-06-09,14198.7998046875,-0.0197698831792807,0
^GDAXI,2022-09-19,1,12803.240234375,0.7185830328533928,,0.8982287910667409,0.0,2022-09-20,12670.830078125,-0.0103419254677809,0,2022-09-26,12227.919921875,-0.0449355242866834,0
^GDAXI,2022-09-20,1,12670.830078125,0.7067960340422109,,0.8834950425527636,0.0,2022-09-21,12767.150390625,0.0076017365796963,1,2022-09-28,12183.2802734375,-0.0384781266642671,0
^GDAXI,2022-09-23,1,12284.1904296875,0.6252343588556358,,0.7815429485695448,0.0,2022-09-26,12227.919921875,-0.0045807257820189,0,2022-10-03,12209.48046875,-0.0060817976866384,0
^GDAXI,2022-09-26,1,12227.919921875,0.6157181910255908,,0.7696477387819884,0.0,2022-09-28,12183.2802734375,-0.0036506330367475,0,2022-10-04,12670.48046875,0.0361926271763757,1
^GDAXI,2022-09-28,1,12183.2802734375,0.5209866185692398,,0.6512332732115497,0.0,2022-09-29,11975.5498046875,-0.0170504547287566,0,2022-10-05,12517.1796875,0.0274063640143354,1
^GDAXI,2022-10-03,1,12209.48046875,0.5729052624809976,,0.716131578101247,0.0,2022-10-04,12670.48046875,0.0377575443263063,1,2022-10-10,12272.9404296875,0.005197597154107,1
^GDAXI,2022-10-05,1,12517.1796875,0.6680608816912219,,0.8350761021140274,0.0,2022-10-06,12470.7802734375,-0.0037068585113334,0,2022-10-12,12172.259765625,-0.0275557218547758,0
^GDAXI,2022-10-06,1,12470.7802734375,0.5463770301661972,,0.6829712877077465,0.0,2022-10-07,12273.0,-0.0158594946828441,0,2022-10-13,12355.580078125,-0.0092376092583295,0
^GDAXI,2022-11-03,1,13130.1904296875,0.5532986394164002,,0.6916232992705003,0.0,2022-11-04,13459.849609375,0.0251069610492576,1,2022-11-10,14146.08984375,0.0773712627781498,1
^GDAXI,2022-11-14,1,14313.2998046875,0.7210528687741388,,0.9013160859676734,0.0,2022-11-15,14378.509765625,0.0045558998852343,1,2022-11-21,14379.9296875,0.0046551028569023,1
^GDAXI,2022-11-15,1,14378.509765625,0.6383171800540914,,0.7978964750676143,0.0,2022-11-16,14234.0302734375,-0.0100482939151948,0,2022-12-02,14529.3896484375,0.0104934297970998,1
^GDAXI,2022-11-16,1,14234.0302734375,0.5678383560892536,,0.709797945111567,0.0,2022-11-17,14266.3798828125,0.0022726949959751,1,2022-12-05,14447.6103515625,0.0150048913780636,1
^GDAXI,2022-11-17,1,14266.3798828125,0.5343768882860866,,0.6679711103576083,0.0,2022-11-18,14431.8603515625,0.0115993314428254,1,2022-12-06,14343.1904296875,0.0053840250649387,1
^GDAXI,2022-11-18,1,14431.8603515625,0.6578983870504618,,0.8223729838130771,0.0,2022-11-21,14379.9296875,-0.003598334712051,0,2022-12-08,14264.5595703125,-0.0115924612055913,0
^GDAXI,2023-01-04,1,14490.7802734375,0.5132288769427593,,0.6415360961784491,0.0,2023-01-05,14436.3095703125,-0.0037589903440084,0,2023-01-11,14947.91015625,0.0315462572881908,1
^GDAXI,2023-01-05,1,14436.3095703125,0.7031637735283035,,0.8789547169103793,0.0,2023-01-06,14610.01953125,0.0120328509229758,1,2023-01-12,15058.2998046875,0.0430851272165907,1
^GDAXI,2023-01-11,1,14947.91015625,0.6773971291852384,,0.846746411481548,0.0,2023-01-12,15058.2998046875,0.0073849553070362,1,2023-01-18,15181.7998046875,0.0156469798114023,1
^GDAXI,2023-01-19,1,14920.3603515625,0.6045820491445544,,0.7557275614306929,0.0,2023-01-20,15033.5595703125,0.0075868957640922,1,2023-01-26,15132.849609375,0.0142415633942948,1
^GDAXI,2023-01-20,1,15033.5595703125,0.7018331243760976,,0.877291405470122,0.0,2023-01-23,15102.9501953125,0.0046157149060711,1,2023-01-27,15150.0302734375,0.0077473802914248,1
^GDAXI,2023-01-23,1,15102.9501953125,0.6570943654628036,,0.8213679568285045,0.0,2023-01-24,15093.1103515625,-0.0006515179897139,0,2023-01-30,15126.080078125,0.0015314811022603,1
^GDAXI,2023-01-24,1,15093.1103515625,0.5779280441212603,,0.7224100551515754,0.0,2023-01-25,15081.6396484375,-0.0007599959755023,0,2023-01-31,15128.26953125,0.0023294853657424,1
^GDAXI,2023-01-25,1,15081.6396484375,0.5821421678855327,,0.7276777098569159,0.0,2023-01-26,15132.849609375,0.0033955168092618,1,2023-02-06,15345.91015625,0.0175226642442606,1
^GDAXI,2023-01-27,1,15150.0302734375,0.5614131498391737,,0.701766437298967,0.0,2023-01-30,15126.080078125,-0.0015808678187588,0,2023-02-08,15412.0498046875,0.0172949840047117,1
^GDAXI,2023-06-01,1,15853.66015625,0.5573262361203833,,0.6966577951504791,0.0,2023-06-07,15960.5595703125,0.0067428854289119,1,2023-06-14,16310.7900390625,0.0288343435085105,1
^GDAXI,2023-06-13,1,16230.6796875,0.5504831158272457,,0.6881038947840572,0.0,2023-06-14,16310.7900390625,0.0049357360939232,1,2023-06-26,15813.0595703125,-0.0257302913512074,0
^GDAXI,2023-11-02,1,15143.599609375,0.5723569723249481,,0.715446215406185,0.0,2023-11-06,15135.9697265625,-0.0005038354822704,0,2023-11-20,15901.330078125,0.0500363512173756,1
^GDAXI,2023-12-04,1,16404.759765625,0.5713472879793775,,0.7141841099742219,0.0,2023-12-05,16533.109375,0.007823924958898,1,2023-12-11,16794.4296875,0.0237534671304072,1
^GDAXI,2023-12-07,1,16628.990234375,0.6745030003637418,,0.8431287504546772,0.0,2023-12-08,16759.220703125,0.0078315319760541,1,2023-12-15,16751.439453125,0.0073635991737415,1
^GDAXI,2024-01-30,1,16972.33984375,0.599578623425081,,0.7494732792813512,0.0,2024-01-31,16903.759765625,-0.0040406967310552,0,2024-02-06,17033.240234375,0.0035882141876522,1
^GDAXI,2024-02-05,1,16904.060546875,0.5472043553757493,,0.6840054442196866,0.0,2024-02-06,17033.240234375,0.0076419323713248,1,2024-02-12,17037.349609375,0.0078850322459736,1
^GDAXI,2024-02-06,1,17033.240234375,0.7057919106211168,,0.882239888276396,0.0,2024-02-07,16921.9609375,-0.0065330668354237,0,2024-02-13,16880.830078125,-0.0089478075899158,0
^GDAXI,2024-02-07,1,16921.9609375,0.6302968604189955,,0.7878710755237442,0.0,2024-02-08,16963.830078125,0.0024742487457358,1,2024-02-14,16945.48046875,0.0013898821381793,1
^GDAXI,2024-02-09,1,16926.5,0.5309007278262038,,0.6636259097827547,0.0,2024-02-12,17037.349609375,0.0065488795306176,1,2024-02-16,17117.439453125,0.0112805041281422,1
^GDAXI,2024-02-12,1,17037.349609375,0.6853111113306143,,0.8566388891632678,0.0,2024-02-13,16880.830078125,-0.009186847416917,0,2024-02-19,17092.259765625,0.0032229283021688,1
^GDAXI,2024-02-13,1,16880.830078125,0.701587932769572,,0.8769849159619649,0.0,2024-02-14,16945.48046875,0.0038298111127116,1,2024-02-20,17068.4296875,0.011113174441469,1
^GDAXI,2024-02-15,1,17046.689453125,0.6920146413552782,,0.8650183016940978,0.0,2024-02-16,17117.439453125,0.0041503659812979,1,2024-02-23,17419.330078125,0.0218599996219023,1
^GDAXI,2024-02-19,1,17092.259765625,0.5123061131202563,,0.6403826414003203,0.0,2024-02-20,17068.4296875,-0.0013942028995443,0,2024-02-27,17556.490234375,0.0271602745988938,1
^GDAXI,2024-02-20,1,17068.4296875,0.6733225355191169,,0.8416531693988961,0.0,2024-02-22,17370.44921875,0.0176946290185782,1,2024-02-28,17601.220703125,0.0312149989998896,1
^GDAXI,2024-02-22,1,17370.44921875,0.510328947911188,,0.6379111848889849,0.0,2024-02-23,17419.330078125,0.002814023906891,1,2024-02-29,17678.189453125,0.0177163083406512,1
^GDAXI,2024-02-26,1,17423.23046875,0.5091175996566256,,0.636396999570782,0.0,2024-02-27,17556.490234375,0.0076483959656053,1,2024-03-04,17716.169921875,0.0168131537748072,1
^GDAXI,2024-03-15,1,17936.650390625,0.7312572865882127,,0.9140716082352658,0.0,2024-03-18,17932.6796875,-0.0002213737257807,0,2024-03-25,18261.310546875,0.0181003782300228,1
^GDAXI,2024-03-19,1,17987.490234375,0.6584530449013251,,0.8230663061266563,0.0,2024-03-20,18015.130859375,0.0015366582352427,1,2024-04-11,17954.48046875,-0.0018351512742959,0
^GDAXI,2024-03-20,1,18015.130859375,0.5875612034033535,,0.7344515042541918,0.0,2024-03-21,18179.25,0.0091100720780828,1,2024-05-06,18175.2109375,0.008885868183505,1
^GDAXI,2024-05-21,1,18726.759765625,0.6698609311648228,,0.8373261639560284,0.0,2024-05-22,18680.19921875,-0.0024863108972256,0,2024-05-28,18677.869140625,-0.0026107359528231,0
^GDAXI,2024-05-24,1,18693.369140625,0.5449169721252822,,0.6811462151566028,0.0,2024-05-27,18774.7109375,0.0043513716689104,1,2024-06-04,18405.640625,-0.0153920095120627,0
^GDAXI,2024-09-02,1,18930.849609375,0.5058424044194592,,0.632303005524324,0.0,2024-09-03,18747.109375,-0.0097058630841379,0,2024-09-16,18633.109375,-0.0157277798154157,0
^GDAXI,2024-10-21,1,19461.189453125,0.5473813111305279,,0.6842266389131598,0.0,2024-10-24,19443.0,-0.0009346526926738,0,2024-11-11,19448.599609375,-0.0006469205687722,0
^GDAXI,2024-11-27,1,19261.75,0.5171649342537598,,0.6464561678171997,0.0,2024-11-28,19425.73046875,0.0085132694978389,1,2024-12-04,20232.140625,0.0503791516866328,1
^GDAXI,2024-11-29,1,19626.44921875,0.7428156754795797,,0.9285195943494746,0.0,2024-12-02,19933.619140625,0.0156508147985091,1,2024-12-06,20384.609375,0.0386295120324514,1
^GDAXI,2024-12-20,1,19884.75,0.5220926044332554,,0.6526157555415693,0.0,2024-12-23,19848.76953125,-0.0018094503954035,0,2025-01-07,20340.5703125,0.0229231100466437,1
^GDAXI,2025-01-20,1,20990.310546875,0.6656075239841477,,0.8320094049801846,0.0,2025-01-21,21042.0,0.0024625387513714,1,2025-01-27,21282.1796875,0.0139049462833437,1
^GDAXI,2025-02-05,1,21585.9296875,0.7309508082848505,,0.913688510356063,0.0,2025-02-06,21902.419921875,0.0146618764610483,1,2025-02-12,22148.029296875,0.026040092667424,1
^GDAXI,2025-02-06,1,21902.419921875,0.6792347508672202,,0.8490434385840252,0.0,2025-02-07,21787.0,-0.0052697337685378,0,2025-02-13,22612.01953125,0.0323982286845979,1
^GDAXI,2025-02-10,1,21911.740234375,0.7491928123111532,,0.9364910153889414,0.0,2025-02-11,22037.830078125,0.0057544422488265,1,2025-02-17,22798.08984375,0.0404508998324332,1
^GDAXI,2025-02-11,1,22037.830078125,0.7215694256583567,,0.901961782072946,0.0,2025-02-12,22148.029296875,0.0050004568670935,1,2025-02-18,22844.5,0.0366038724781579,1
^GDAXI,2025-02-12,1,22148.029296875,0.5282847878933209,,0.660355984866651,0.0,2025-02-13,22612.01953125,0.0209495042721686,1,2025-03-03,23147.01953125,0.0451051522907256,1
^GDAXI,2025-02-14,1,22513.419921875,0.6113821912110716,,0.7642277390138394,0.0,2025-02-17,22798.08984375,0.0126444548568297,1,2025-03-06,23419.48046875,0.0402453536610238,1
^GDAXI,2025-02-17,1,22798.08984375,0.6344894670846866,,0.7931118338558582,0.0,2025-02-18,22844.5,0.0020357037176394,1,2025-03-07,23008.939453125,0.009248564718364,1
^GDAXI,2025-02-18,1,22844.5,0.6026732395897163,,0.7533415494871453,0.0,2025-03-03,23147.01953125,0.0132425542800236,1,2025-03-31,22163.490234375,-0.0298106662708748,0
^GDAXI,2025-03-03,1,23147.01953125,0.5161710215504953,,0.6452137769381191,0.0,2025-03-05,23081.029296875,-0.002850917125028,0,2025-04-01,22539.98046875,-0.0262253661505083,0
^GDAXI,2025-07-08,1,24206.91015625,0.6466497057496537,,0.8083121321870671,0.0,2025-07-09,24549.560546875,0.0141550651616943,1,2025-07-15,24060.2890625,-0.0060569933462633,0
^GDAXI,2025-07-14,1,24160.640625,0.669394222254066,,0.8367427778175824,0.0,2025-07-15,24060.2890625,-0.0041535141413494,0,2025-07-21,24307.80078125,0.0060909045639182,1
^GDAXI,2025-07-18,1,24289.509765625,0.561228413240009,,0.7015355165500113,0.0,2025-07-21,24307.80078125,0.0007530417781788,1,2025-07-30,24262.220703125,-0.0011234916951111,0
^GDAXI,2025-07-21,1,24307.80078125,0.5142314541622656,,0.642789317702832,0.0,2025-07-25,24217.5,-0.0037148889799876,0,2025-07-31,24065.470703125,-0.0099692308780119,0
^GDAXI,2025-08-29,1,23902.2109375,0.6907665830057574,,0.8634582287571968,0.0,2025-09-02,23487.330078125,-0.0173574260749283,0,2025-09-08,23807.130859375,-0.003977877961734,0
^GDAXI,2025-09-30,1,23880.720703125,0.5221262589384029,,0.6526578236730036,0.0,2025-10-17,23830.990234375,-0.0020824525929609,0,2025-10-27,24308.779296875,0.0179248607724801,1
^GDAXI,2026-02-17,1,24998.400390625,0.5725585289654067,,0.7156981612067583,0.0,2026-02-18,25278.2109375,0.0111931380609431,1,2026-02-24,24986.25,-0.0004860467243958,0
^GDAXI,2026-02-20,1,25260.689453125,0.537048445001108,,0.671310556251385,0.0,2026-02-23,24991.970703125,-0.0106378232668054,0,2026-02-27,25284.259765625,0.0009330827071738,1
^GDAXI,2026-02-24,1,24986.25,0.5084730638732504,,0.635591329841563,0.0,2026-02-25,25175.939453125,0.0075917535894742,1,2026-03-04,24205.359375,-0.0312528140477262,0
^GDAXI,2026-02-25,1,25175.939453125,0.6874917883145496,,0.8593647353931869,0.0,2026-02-26,25289.01953125,0.0044915931870404,1,2026-03-09,23409.369140625,-0.0701689927316981,0
